EVTNAME95502;The First Estonian Newspaper;French;German;Polish;Spanish;Italian;Swedish;Czech;Hungarian;Dutch;Portuguese;Russian;Finnish;x
EVTDESC95502;In Parnu, the schoolmaster Johann Voldemar Jannsen has begun publishing Perno Postimees - the first newspaper in the Estonian tongue. Farmers read it aloud in the township houses - the words of the nation now travel faster than the manor lords can count. A national awakening is stirring.;French;German;Polish;Spanish;Italian;Swedish;Czech;Hungarian;Dutch;Portuguese;Russian;Finnish;x
EVTOPTA95502;Mu isamaa on minu arm!;French;German;Polish;Spanish;Italian;Swedish;Czech;Hungarian;Dutch;Portuguese;Russian;Finnish;x
EVTOPTB95502;It is but peasant sentiment.;French;German;Polish;Spanish;Italian;Swedish;Czech;Hungarian;Dutch;Portuguese;Russian;Finnish;x
EVTNAME95503;Eesti Postimees and the Readers Circles;French;German;Polish;Spanish;Italian;Swedish;Czech;Hungarian;Dutch;Portuguese;Russian;Finnish;x
EVTDESC95503;Jannsen has moved to Tallinn and founded Eesti Postimees, and with it a network of readers circles across the land. Literate farmers now write to each other, subscribe together, and organize choirs around the arriving post.;French;German;Polish;Spanish;Italian;Swedish;Czech;Hungarian;Dutch;Portuguese;Russian;Finnish;x
EVTOPTA95503;A newspaper in every township house.;French;German;Polish;Spanish;Italian;Swedish;Czech;Hungarian;Dutch;Portuguese;Russian;Finnish;x
EVTOPTB95503;The censor will have his say first.;French;German;Polish;Spanish;Italian;Swedish;Czech;Hungarian;Dutch;Portuguese;Russian;Finnish;x
EVTNAME95504;The Kalevipoeg Is Read Aloud;French;German;Polish;Spanish;Italian;Swedish;Czech;Hungarian;Dutch;Portuguese;Russian;Finnish;x
EVTDESC95504;Kreutzwald's epic of Kalev's son has passed from the scholars' salons to the farmhouse evenings of the land. Where the songs are sung, the idea of a nation grows.;French;German;Polish;Spanish;Italian;Swedish;Czech;Hungarian;Dutch;Portuguese;Russian;Finnish;x
EVTOPTA95504;Sing on, ye people.;French;German;Polish;Spanish;Italian;Swedish;Czech;Hungarian;Dutch;Portuguese;Russian;Finnish;x
EVTNAME95505;A Nation of Singers;French;German;Polish;Spanish;Italian;Swedish;Czech;Hungarian;Dutch;Portuguese;Russian;Finnish;x
EVTDESC95505;Tens of thousands have gathered on the song grounds. Choirs from every county, in national dress, singing in one voice. Foreign newspapers send their correspondents - the world takes note of a small people singing loudly.;French;German;Polish;Spanish;Italian;Swedish;Czech;Hungarian;Dutch;Portuguese;Russian;Finnish;x
EVTOPTA95505;Let the songs be heard across the Baltic!;French;German;Polish;Spanish;Italian;Swedish;Czech;Hungarian;Dutch;Portuguese;Russian;Finnish;x
EVTNAME95506;Jakobson and the Sakala Generation;French;German;Polish;Spanish;Italian;Swedish;Czech;Hungarian;Dutch;Portuguese;Russian;Finnish;x
EVTDESC95506;Carl Robert Jakobson has raised a fierce voice in the pages of Sakala: schools in Estonian, honest courts, and an end to Baltic German privilege. His pen stings the manor lords and excites the peasantry alike.;French;German;Polish;Spanish;Italian;Swedish;Czech;Hungarian;Dutch;Portuguese;Russian;Finnish;x
EVTOPTA95506;We shall not be mocked in our own land!;French;German;Polish;Spanish;Italian;Swedish;Czech;Hungarian;Dutch;Portuguese;Russian;Finnish;x
EVTOPTB95506;Prudence - the time is not yet ripe.;French;German;Polish;Spanish;Italian;Swedish;Czech;Hungarian;Dutch;Portuguese;Russian;Finnish;x
EVTNAME95507;The Alexander School Movement;French;German;Polish;Spanish;Italian;Swedish;Czech;Hungarian;Dutch;Portuguese;Russian;Finnish;x
EVTDESC95507;Across the land, farmers are collecting kopecks into a great common purse: a school of higher learning where the language of instruction shall be Estonian. The Alexander School committee gathers in Tartu to count the pennies of the poor.;French;German;Polish;Spanish;Italian;Swedish;Czech;Hungarian;Dutch;Portuguese;Russian;Finnish;x
EVTOPTA95507;Our pennies shall build our school.;French;German;Polish;Spanish;Italian;Swedish;Czech;Hungarian;Dutch;Portuguese;Russian;Finnish;x
EVTOPTB95507;Keep the money in the parish.;French;German;Polish;Spanish;Italian;Swedish;Czech;Hungarian;Dutch;Portuguese;Russian;Finnish;x
EVTNAME95508;The Pressure of Russification;French;German;Polish;Spanish;Italian;Swedish;Czech;Hungarian;Dutch;Portuguese;Russian;Finnish;x
EVTDESC95508;New orders arrive from Saint Petersburg: Russian in the schools, Russian in the offices, Russian in the churches of the wrong rite. The Baltic German gentry lose their privileges - the Estonian peasants lose their language.;French;German;Polish;Spanish;Italian;Swedish;Czech;Hungarian;Dutch;Portuguese;Russian;Finnish;x
EVTOPTA95508;We will keep our tongue behind closed doors.;French;German;Polish;Spanish;Italian;Swedish;Czech;Hungarian;Dutch;Portuguese;Russian;Finnish;x
EVTOPTB95508;The storm will pass - bend but do not break.;French;German;Polish;Spanish;Italian;Swedish;Czech;Hungarian;Dutch;Portuguese;Russian;Finnish;x
EVTNAME95509;Tõnisson's Postimees;French;German;Polish;Spanish;Italian;Swedish;Czech;Hungarian;Dutch;Portuguese;Russian;Finnish;x
EVTDESC95509;A young Tartu lawyer, Jaan Tõnisson, has taken over the daily Postimees and made it the schoolbook of the nation. His editorials call for patience, law, and organization - and for Estonians to become a nation of readers, not rebels.;French;German;Polish;Spanish;Italian;Swedish;Czech;Hungarian;Dutch;Portuguese;Russian;Finnish;x
EVTOPTA95509;A newspaper in every farmhouse.;French;German;Polish;Spanish;Italian;Swedish;Czech;Hungarian;Dutch;Portuguese;Russian;Finnish;x
EVTNAME95510;The Vaps Movement;French;German;Polish;Spanish;Italian;Swedish;Czech;Hungarian;Dutch;Portuguese;Russian;Finnish;x
EVTDESC95510;Veterans of the war, in uniforms too worn to surrender, march through Tallinn demanding a stronger state. They recall the subsidized grain of the war years and the corruption of the old parties. Some hail them as saviors - others hear in their boots an echo of Italy. The government must decide what to do with an army that marches on its own capital.;French;German;Polish;Spanish;Italian;Swedish;Czech;Hungarian;Dutch;Portuguese;Russian;Finnish;x
EVTOPTA95510;Their grievances are our grievances.;French;German;Polish;Spanish;Italian;Swedish;Czech;Hungarian;Dutch;Portuguese;Russian;Finnish;x
EVTOPTB95510;The republic has one army, not two.;French;German;Polish;Spanish;Italian;Swedish;Czech;Hungarian;Dutch;Portuguese;Russian;Finnish;x
EVTNAME95511;The Armored Train Doctrine;French;German;Polish;Spanish;Italian;Swedish;Czech;Hungarian;Dutch;Portuguese;Russian;Finnish;x
EVTDESC95511;After the war, the soomusrong regiments have been studied by our general staff. Where the rails run, an armored train is a fortress that moves. Our doctrine now builds upon rails, naval guns, and volunteer crews.;French;German;Polish;Spanish;Italian;Swedish;Czech;Hungarian;Dutch;Portuguese;Russian;Finnish;x
EVTOPTA95511;Standing orders for the Armored Train Division!;French;German;Polish;Spanish;Italian;Swedish;Czech;Hungarian;Dutch;Portuguese;Russian;Finnish;x
EVTOPTB95511;Careful maintenance wins wars.;French;German;Polish;Spanish;Italian;Swedish;Czech;Hungarian;Dutch;Portuguese;Russian;Finnish;x
EVTNAME95512;Brothers Across the Gulf;French;German;Polish;Spanish;Italian;Swedish;Czech;Hungarian;Dutch;Portuguese;Russian;Finnish;x
EVTDESC95512;Across the water, Finland stands free of the Tsar's grasp. Both nations claim the same songs and nearly the same words. Volunteers and rifles have already crossed the gulf in both directions - now the two governments prepare to bind their fortunes together.;French;German;Polish;Spanish;Italian;Swedish;Czech;Hungarian;Dutch;Portuguese;Russian;Finnish;x
EVTOPTA95512;One sea, two shores, one kinship.;French;German;Polish;Spanish;Italian;Swedish;Czech;Hungarian;Dutch;Portuguese;Russian;Finnish;x
EVTNAME95514;The Coastal Swedes Petition;French;German;Polish;Spanish;Italian;Swedish;Czech;Hungarian;Dutch;Portuguese;Russian;Finnish;x
EVTDESC95514;The old Swedish fishing villages of the coast and islands - Ruhnu, Vormsi, Noarootsi - have sent a petition to Tallinn. Their pastors ask only that their tongue may live where it has lived for seven hundred years.;French;German;Polish;Spanish;Italian;Swedish;Czech;Hungarian;Dutch;Portuguese;Russian;Finnish;x
EVTOPTA95514;Their home is our home - their rights are ours to guard.;French;German;Polish;Spanish;Italian;Swedish;Czech;Hungarian;Dutch;Portuguese;Russian;Finnish;x
EVTOPTB95514;A nation must first look to its own.;French;German;Polish;Spanish;Italian;Swedish;Czech;Hungarian;Dutch;Portuguese;Russian;Finnish;x
EVTNAME95515;The Cultural Autonomy Law;French;German;Polish;Spanish;Italian;Swedish;Czech;Hungarian;Dutch;Portuguese;Russian;Finnish;x
EVTDESC95515;The Riigikogu has passed a law unique in Europe: any community of three thousand souls may form its own cultural self-government, with its own schools and church affairs. Minorities need no longer fear the state - the state has made loyalty cheap and treason pointless.;French;German;Polish;Spanish;Italian;Swedish;Czech;Hungarian;Dutch;Portuguese;Russian;Finnish;x
EVTOPTA95515;Let every tongue bloom in its own garden.;French;German;Polish;Spanish;Italian;Swedish;Czech;Hungarian;Dutch;Portuguese;Russian;Finnish;x
EVTNAME95516;The December Rising;French;German;Polish;Spanish;Italian;Swedish;Czech;Hungarian;Dutch;Portuguese;Russian;Finnish;x
EVTDESC95516;Before dawn, shots crack through Tallinn: the communists have risen, aiming to seize Toompea and hand the country to Moscow. By morning the rising is broken - by evening the nation stands taller for having survived it.;French;German;Polish;Spanish;Italian;Swedish;Czech;Hungarian;Dutch;Portuguese;Russian;Finnish;x
EVTOPTA95516;The republic defended itself, as it always must.;French;German;Polish;Spanish;Italian;Swedish;Czech;Hungarian;Dutch;Portuguese;Russian;Finnish;x
EVTNAME95517;The World Depression Reaches Us;French;German;Polish;Spanish;Italian;Swedish;Czech;Hungarian;Dutch;Portuguese;Russian;Finnish;x
EVTDESC95517;The crash of foreign markets has strangled the export of butter, bacon and paper. Unemployment walks the streets of Tallinn and Narva, and the government must choose which of its promises to keep and which to break.;French;German;Polish;Spanish;Italian;Swedish;Czech;Hungarian;Dutch;Portuguese;Russian;Finnish;x
EVTOPTA95517;Ride out the storm - balance the books.;French;German;Polish;Spanish;Italian;Swedish;Czech;Hungarian;Dutch;Portuguese;Russian;Finnish;x
EVTOPTB95517;Borrow and spend - the people must eat.;French;German;Polish;Spanish;Italian;Swedish;Czech;Hungarian;Dutch;Portuguese;Russian;Finnish;x
EVTNAME95518;The New Constitution;French;German;Polish;Spanish;Italian;Swedish;Czech;Hungarian;Dutch;Portuguese;Russian;Finnish;x
EVTDESC95518;A draft constitution has been prepared for the state: a strong president above the parties, a chamber of national and professional interests, and the rights of the individual written plainly. Its authors call it a constitution for the Estonian character.;French;German;Polish;Spanish;Italian;Swedish;Czech;Hungarian;Dutch;Portuguese;Russian;Finnish;x
EVTOPTA95518;It shall be the law of the land.;French;German;Polish;Spanish;Italian;Swedish;Czech;Hungarian;Dutch;Portuguese;Russian;Finnish;x
EVTNAME95519;The Ultimatum;French;German;Polish;Spanish;Italian;Swedish;Czech;Hungarian;Dutch;Portuguese;Russian;Finnish;x
EVTDESC95519;Moscow demands naval and air bases on our soil, "for our mutual protection." The signature is demanded within hours. The armies that could defend us are an ocean of distance away - yet yielding now may only postpone what yielding invites.;French;German;Polish;Spanish;Italian;Swedish;Czech;Hungarian;Dutch;Portuguese;Russian;Finnish;x
EVTOPTA95519;Sign. Survival first.;French;German;Polish;Spanish;Italian;Swedish;Czech;Hungarian;Dutch;Portuguese;Russian;Finnish;x
EVTOPTB95519;We will not sign away our soil.;French;German;Polish;Spanish;Italian;Swedish;Czech;Hungarian;Dutch;Portuguese;Russian;Finnish;x
EVTNAME95520;The Generals of the War;French;German;Polish;Spanish;Italian;Swedish;Czech;Hungarian;Dutch;Portuguese;Russian;Finnish;x
EVTDESC95520;The war is won, and its commanders have become the first soldiers of the republic: Johan Laidoner, who commanded the Viru front - and Andres Larka of the armored trains. The republic pins its medals and keeps its generals close.;French;German;Polish;Spanish;Italian;Swedish;Czech;Hungarian;Dutch;Portuguese;Russian;Finnish;x
EVTOPTA95520;For honor, for the nation - and well earned.;French;German;Polish;Spanish;Italian;Swedish;Czech;Hungarian;Dutch;Portuguese;Russian;Finnish;x
EVTNAME95513;Ernst Põdder and the Kaitseliit;French;German;Polish;Spanish;Italian;Swedish;Czech;Hungarian;Dutch;Portuguese;Russian;Finnish;x
EVTDESC95513;Ernst Põdder is the very picture of our fighting spirit - a soldier who personally led his men through fire and kept them standing when the front seemed lost. Now he takes up the cause of the Kaitseliit, the volunteer Defence League, turning farmers and students into a citizen army sworn to the nation. A commander like this comes once in a generation.;French;German;Polish;Spanish;Italian;Swedish;Czech;Hungarian;Dutch;Portuguese;Russian;Finnish;x
EVTOPTA95513;Give him a command and the nation's trust.;French;German;Polish;Spanish;Italian;Swedish;Czech;Hungarian;Dutch;Portuguese;Russian;Finnish;x
EVTOPTB95513;The republic has enough soldiers.;French;German;Polish;Spanish;Italian;Swedish;Czech;Hungarian;Dutch;Portuguese;Russian;Finnish;x
found_soomusrong_corps_title;Found the Armored Train Division;French;German;Polish;Spanish;Italian;Swedish;Czech;Hungarian;Dutch;Portuguese;Russian;Finnish;x
found_soomusrong_corps_desc;The armored trains that broke the Red advance were improvised by a handful of officers and volunteer crews. Now let the improvisation become an institution: a standing Armored Train Division, with workshops, rail garrisons, and a proper war flag.;French;German;Polish;Spanish;Italian;Swedish;Czech;Hungarian;Dutch;Portuguese;Russian;Finnish;x
establish_estonian_mark_title;Establish the Estonian Kroon;French;German;Polish;Spanish;Italian;Swedish;Czech;Hungarian;Dutch;Portuguese;Russian;Finnish;x
establish_estonian_mark_desc;A young nation trades in borrowed coin. A currency of our own - the kroon - will let the republic price its bread in honest numbers and pay its way without a banker's leave.;French;German;Polish;Spanish;Italian;Swedish;Czech;Hungarian;Dutch;Portuguese;Russian;Finnish;x
found_sakala_society_title;Endorse the Sakala Society;French;German;Polish;Spanish;Italian;Swedish;Czech;Hungarian;Dutch;Portuguese;Russian;Finnish;x
found_sakala_society_desc;Carl Robert Jakobson's newspaper Sakala has become the organ of the radical national movement, read aloud in the township houses of Viljandimaa. Endorsing the society will spread its network of reading rooms and choirs across the province.;French;German;Polish;Spanish;Italian;Swedish;Czech;Hungarian;Dutch;Portuguese;Russian;Finnish;x
organize_setomaa_title;Organize Setomaa;French;German;Polish;Spanish;Italian;Swedish;Czech;Hungarian;Dutch;Portuguese;Russian;Finnish;x
organize_setomaa_desc;Beyond the lakes of the southeast live the Setos, Orthodox in faith and Estonian in loyalty, keeping their half-sung half-spoken language on both sides of the border. Bringing their hamlets under orderly administration will steady the frontier.;French;German;Polish;Spanish;Italian;Swedish;Czech;Hungarian;Dutch;Portuguese;Russian;Finnish;x
found_noored_kotkad_title;Found the Young Eagles;French;German;Polish;Spanish;Italian;Swedish;Czech;Hungarian;Dutch;Portuguese;Russian;Finnish;x
found_noored_kotkad_desc;Let the boys of the republic have wings before they have rifles: a youth organization of sport, scouting and national spirit, so that the next generation grows strong in body and loyal in heart.;French;German;Polish;Spanish;Italian;Swedish;Czech;Hungarian;Dutch;Portuguese;Russian;Finnish;x
expand_kaitseliit_title;Expand the Defence League;French;German;Polish;Spanish;Italian;Swedish;Czech;Hungarian;Dutch;Portuguese;Russian;Finnish;x
expand_kaitseliit_desc;The Kaitseliit proved itself in the war, but the Defence League is still a brotherhood of rifles and good intentions. Armories, drill grounds, a permanent staff and district commands will turn volunteers into a reserve the army can count.;French;German;Polish;Spanish;Italian;Swedish;Czech;Hungarian;Dutch;Portuguese;Russian;Finnish;x
fortify_narva_line_title;Fortify the Narva Line;French;German;Polish;Spanish;Italian;Swedish;Czech;Hungarian;Dutch;Portuguese;Russian;Finnish;x
fortify_narva_line_desc;The river Narva has always been the gate of Estonia, and the gate wants a lock. Concrete positions along the east bank and depth works behind them will make the frontier a wall rather than a line on a map.;French;German;Polish;Spanish;Italian;Swedish;Czech;Hungarian;Dutch;Portuguese;Russian;Finnish;x
build_coastal_defence_title;Build the Coastal Defence;French;German;Polish;Spanish;Italian;Swedish;Czech;Hungarian;Dutch;Portuguese;Russian;Finnish;x
build_coastal_defence_desc;Tallinn's harbor is the republic's front door and its weakest wall. Coastal batteries on Aegna and Naissaar, mine stores and signal stations will make the Gulf a door that can be barred.;French;German;Polish;Spanish;Italian;Swedish;Czech;Hungarian;Dutch;Portuguese;Russian;Finnish;x
expand_kreenholm_title;Expand the Kreenholm Works;French;German;Polish;Spanish;Italian;Swedish;Czech;Hungarian;Dutch;Portuguese;Russian;Finnish;x
expand_kreenholm_desc;On the falls of the Narva stands the largest cotton mill in the empire, Kreenholm, with its own hospital, schools and thousands of hands. Expanding the works will make Narva an industrial city and the republic a cotton power.;French;German;Polish;Spanish;Italian;Swedish;Czech;Hungarian;Dutch;Portuguese;Russian;Finnish;x
estify_tartu_university_title;Estify the University of Tartu;French;German;Polish;Spanish;Italian;Swedish;Czech;Hungarian;Dutch;Portuguese;Russian;Finnish;x
estify_tartu_university_desc;For three centuries the language of the lecture hall has been Latin, then German, then Russian - everything but the language of the land. From this term, the University of Dorpat becomes the University of Tartu, and the language of instruction becomes Estonian.;French;German;Polish;Spanish;Italian;Swedish;Czech;Hungarian;Dutch;Portuguese;Russian;Finnish;x
found_eesti_pank_title;Found the Bank of Estonia;French;German;Polish;Spanish;Italian;Swedish;Czech;Hungarian;Dutch;Portuguese;Russian;Finnish;x
found_eesti_pank_desc;A state needs more than money - it needs the machinery of money. The Bank of Estonia, Eesti Pank, shall issue the kroon, guard the gold reserve, and stand behind every note the treasury prints.;French;German;Polish;Spanish;Italian;Swedish;Czech;Hungarian;Dutch;Portuguese;Russian;Finnish;x
soomusrong_corps;Armored Train Doctrine;French;German;Polish;Spanish;Italian;Swedish;Czech;Hungarian;Dutch;Portuguese;Russian;Finnish;x
soomusrong_morale;Rail Garrison Morale;French;German;Polish;Spanish;Italian;Swedish;Czech;Hungarian;Dutch;Portuguese;Russian;Finnish;x
estonian_cultural_awakening;National Awakening;French;German;Polish;Spanish;Italian;Swedish;Czech;Hungarian;Dutch;Portuguese;Russian;Finnish;x
estonian_national_unity;National Unity;French;German;Polish;Spanish;Italian;Swedish;Czech;Hungarian;Dutch;Portuguese;Russian;Finnish;x
baltic_student_body;Student Corporation;French;German;Polish;Spanish;Italian;Swedish;Czech;Hungarian;Dutch;Portuguese;Russian;Finnish;x
estonian_folk_high_schools;Folk High Schools;French;German;Polish;Spanish;Italian;Swedish;Czech;Hungarian;Dutch;Portuguese;Russian;Finnish;x
russian_minority_conciliation;Minority Conciliation;French;German;Polish;Spanish;Italian;Swedish;Czech;Hungarian;Dutch;Portuguese;Russian;Finnish;x
estonian_volunteer_spirit;Volunteer Spirit;French;German;Polish;Spanish;Italian;Swedish;Czech;Hungarian;Dutch;Portuguese;Russian;Finnish;x
vaps_movement;Vaps Movement;French;German;Polish;Spanish;Italian;Swedish;Czech;Hungarian;Dutch;Portuguese;Russian;Finnish;x
baltic_handelsvertrag;Baltic Trade Treaty;French;German;Polish;Spanish;Italian;Swedish;Czech;Hungarian;Dutch;Portuguese;Russian;Finnish;x
estonian_shipyards;Estonian Shipyards;French;German;Polish;Spanish;Italian;Swedish;Czech;Hungarian;Dutch;Portuguese;Russian;Finnish;x
defence_league_hq;Defence League HQ;French;German;Polish;Spanish;Italian;Swedish;Czech;Hungarian;Dutch;Portuguese;Russian;Finnish;x
kalevipoeg_legacy;Kalevipoeg Legacy;French;German;Polish;Spanish;Italian;Swedish;Czech;Hungarian;Dutch;Portuguese;Russian;Finnish;x
estonian_choral_tradition;Choral Tradition;French;German;Polish;Spanish;Italian;Swedish;Czech;Hungarian;Dutch;Portuguese;Russian;Finnish;x
estonian_depression;Export Depression;French;German;Polish;Spanish;Italian;Swedish;Czech;Hungarian;Dutch;Portuguese;Russian;Finnish;x
EVTNAME95521;The Orthodox Mission;French;German;Polish;Spanish;Italian;Swedish;Czech;Hungarian;Dutch;Portuguese;Russian;Finnish;x
EVTDESC95521;In the villages near the Narva river and the shores of Lake Peipus, peasants have begun crossing over to the Orthodox faith. They seek the protection of the Tsar from the manor lords, and every baptism is heard in the churches and the chancelleries alike.;French;German;Polish;Spanish;Italian;Swedish;Czech;Hungarian;Dutch;Portuguese;Russian;Finnish;x
EVTOPTA95521;Faith is free - and owed protection.;French;German;Polish;Spanish;Italian;Swedish;Czech;Hungarian;Dutch;Portuguese;Russian;Finnish;x
EVTOPTB95521;The Lutheran church must stand firm.;French;German;Polish;Spanish;Italian;Swedish;Czech;Hungarian;Dutch;Portuguese;Russian;Finnish;x
EVTNAME95522;Farms for Free Men;French;German;Polish;Spanish;Italian;Swedish;Czech;Hungarian;Dutch;Portuguese;Russian;Finnish;x
EVTDESC95522;New land regulations allow the peasants to purchase their farms as freehold property. Across the land, families count their kopecks and dream of deeds written in their own names.;French;German;Polish;Spanish;Italian;Swedish;Czech;Hungarian;Dutch;Portuguese;Russian;Finnish;x
EVTOPTA95522;Let the land belong to those who till it.;French;German;Polish;Spanish;Italian;Swedish;Czech;Hungarian;Dutch;Portuguese;Russian;Finnish;x
EVTNAME95523;The Telegraph Line;French;German;Polish;Spanish;Italian;Swedish;Czech;Hungarian;Dutch;Portuguese;Russian;Finnish;x
EVTDESC95523;A humming wire now binds Tallinn to Tartu. Messages that once took two days by post coach now arrive before lunch. Merchants, officials and newspapermen alike learn to live at the speed of electricity.;French;German;Polish;Spanish;Italian;Swedish;Czech;Hungarian;Dutch;Portuguese;Russian;Finnish;x
EVTOPTA95523;The nation speaks with one wire.;French;German;Polish;Spanish;Italian;Swedish;Czech;Hungarian;Dutch;Portuguese;Russian;Finnish;x
EVTNAME95524;The Parish School Law;French;German;Polish;Spanish;Italian;Swedish;Czech;Hungarian;Dutch;Portuguese;Russian;Finnish;x
EVTDESC95524;Every township is now bound to keep a school and pay a teacher. In the farmhouse classrooms, children learn their letters in the mother tongue, and the bondsmen of yesterday become the readers of tomorrow.;French;German;Polish;Spanish;Italian;Swedish;Czech;Hungarian;Dutch;Portuguese;Russian;Finnish;x
EVTOPTA95524;A school for every parish.;French;German;Polish;Spanish;Italian;Swedish;Czech;Hungarian;Dutch;Portuguese;Russian;Finnish;x
EVTNAME95525;The Kreenholm Strike;French;German;Polish;Spanish;Italian;Swedish;Czech;Hungarian;Dutch;Portuguese;Russian;Finnish;x
EVTDESC95525;At the Kreenholm manufactury by the Narva falls, thousands of workers have downed their shuttles. They ask for shorter hours and honest pay. The strike committee waits - and so do the gendarmes.;French;German;Polish;Spanish;Italian;Swedish;Czech;Hungarian;Dutch;Portuguese;Russian;Finnish;x
EVTOPTA95525;Hear the workers out.;French;German;Polish;Spanish;Italian;Swedish;Czech;Hungarian;Dutch;Portuguese;Russian;Finnish;x
EVTOPTB95525;Send in the gendarmes.;French;German;Polish;Spanish;Italian;Swedish;Czech;Hungarian;Dutch;Portuguese;Russian;Finnish;x
EVTNAME95526;The Temperance Crusade;French;German;Polish;Spanish;Italian;Swedish;Czech;Hungarian;Dutch;Portuguese;Russian;Finnish;x
EVTDESC95526;Preachers of sobriety walk the parish roads, gathering thousands to sign the pledge. Behind the hymns lies a sterner promise: a sober people cannot be kept poor, or silent, forever.;French;German;Polish;Spanish;Italian;Swedish;Czech;Hungarian;Dutch;Portuguese;Russian;Finnish;x
EVTOPTA95526;Sign the pledge - awaken the people.;French;German;Polish;Spanish;Italian;Swedish;Czech;Hungarian;Dutch;Portuguese;Russian;Finnish;x
EVTOPTB95526;The vodka revenue keeps the treasury full.;French;German;Polish;Spanish;Italian;Swedish;Czech;Hungarian;Dutch;Portuguese;Russian;Finnish;x
EVTNAME95527;Russian in the Schoolyard;French;German;Polish;Spanish;Italian;Swedish;Czech;Hungarian;Dutch;Portuguese;Russian;Finnish;x
EVTDESC95527;Orders from Saint Petersburg now demand Russian as the language of instruction in the parish schools. Estonian children recite their lessons in a tongue their mothers do not know.;French;German;Polish;Spanish;Italian;Swedish;Czech;Hungarian;Dutch;Portuguese;Russian;Finnish;x
EVTOPTA95527;Our schools will keep the mother tongue.;French;German;Polish;Spanish;Italian;Swedish;Czech;Hungarian;Dutch;Portuguese;Russian;Finnish;x
EVTOPTB95527;The orders of the empire must be obeyed.;French;German;Polish;Spanish;Italian;Swedish;Czech;Hungarian;Dutch;Portuguese;Russian;Finnish;x
EVTNAME95528;The Revolution in the Baltic;French;German;Polish;Spanish;Italian;Swedish;Czech;Hungarian;Dutch;Portuguese;Russian;Finnish;x
EVTDESC95528;The news from Saint Petersburg has lit the Baltic like a spark in a rickyard. Manor houses burn in the night, workers strike in Narva and Tallinn, and crowds gather in Tartu demanding land, liberty and a say in their own affairs.;French;German;Polish;Spanish;Italian;Swedish;Czech;Hungarian;Dutch;Portuguese;Russian;Finnish;x
EVTOPTA95528;Concede the reforms - give them their say.;French;German;Polish;Spanish;Italian;Swedish;Czech;Hungarian;Dutch;Portuguese;Russian;Finnish;x
EVTOPTB95528;Restore order at any price.;French;German;Polish;Spanish;Italian;Swedish;Czech;Hungarian;Dutch;Portuguese;Russian;Finnish;x
EVTNAME95529;The Volhynia Swedes Come Home;French;German;Polish;Spanish;Italian;Swedish;Czech;Hungarian;Dutch;Portuguese;Russian;Finnish;x
EVTDESC95529;After two generations in the Ukraine, the Swedish families of Volhynia are returning to the coast their grandparents left. They bring ox-carts, seed grain and a dialect older than the maps.;French;German;Polish;Spanish;Italian;Swedish;Czech;Hungarian;Dutch;Portuguese;Russian;Finnish;x
EVTOPTA95529;The old villages will receive them.;French;German;Polish;Spanish;Italian;Swedish;Czech;Hungarian;Dutch;Portuguese;Russian;Finnish;x
EVTOPTB95529;There is no room on the coast.;French;German;Polish;Spanish;Italian;Swedish;Czech;Hungarian;Dutch;Portuguese;Russian;Finnish;x
EVTNAME95530;Tõnisson’s Progress Party;French;German;Polish;Spanish;Italian;Swedish;Czech;Hungarian;Dutch;Portuguese;Russian;Finnish;x
EVTDESC95530;Around Jaan Tõnisson and his newspaper, a new party has taken shape: patient, legal, and stubborn as field-stones. It asks for no revolution - only elections, land and schools, in the language of the people.;French;German;Polish;Spanish;Italian;Swedish;Czech;Hungarian;Dutch;Portuguese;Russian;Finnish;x
EVTOPTA95530;Organize, educate, endure.;French;German;Polish;Spanish;Italian;Swedish;Czech;Hungarian;Dutch;Portuguese;Russian;Finnish;x
found_vanemuine_title;Found the Vanemuine Society;French;German;Polish;Spanish;Italian;Swedish;Czech;Hungarian;Dutch;Portuguese;Russian;Finnish;x
found_vanemuine_desc;In Tartu, the men of the awakening have founded a society for plays and song: Vanemuine, after the old god of music. Estonian words, acted by Estonians, on a stage of their own - the nation is learning to see itself.;French;German;Polish;Spanish;Italian;Swedish;Czech;Hungarian;Dutch;Portuguese;Russian;Finnish;x
found_credit_union_title;Charter the Loan-and-Savings Societies;French;German;Polish;Spanish;Italian;Swedish;Czech;Hungarian;Dutch;Portuguese;Russian;Finnish;x
found_credit_union_desc;In the parish of Vändra, farmers have pooled their savings into a common fund, lending to one another without the manor lord or the German bank. Free men with money in their own hands are harder to turn back into bondsmen.;French;German;Polish;Spanish;Italian;Swedish;Czech;Hungarian;Dutch;Portuguese;Russian;Finnish;x
estonian_national_stage;National Stage;French;German;Polish;Spanish;Italian;Swedish;Czech;Hungarian;Dutch;Portuguese;Russian;Finnish;x
peasant_credit_unions;Peasant Credit Unions;French;German;Polish;Spanish;Italian;Swedish;Czech;Hungarian;Dutch;Portuguese;Russian;Finnish;x
atheist;Atheist;French;German;Polish;Spanish;Italian;Swedish;Czech;Hungarian;Dutch;Portuguese;Russian;Finnish;x
EVTNAME95541;Darwin in the Lecture Halls;French;German;Polish;Spanish;Italian;Swedish;Czech;Hungarian;Dutch;Portuguese;Russian;Finnish;x
EVTDESC95541;In the halls of the university at Tartu, the young naturalists are reading Darwin in smuggled copies. The rector has asked whether the Origin of Species shall be debated openly - or whether the age of authority must close its doors to the age of evidence.;French;German;Polish;Spanish;Italian;Swedish;Czech;Hungarian;Dutch;Portuguese;Russian;Finnish;x
EVTOPTA95541;Let the debate be open - truth fears no witness.;French;German;Polish;Spanish;Italian;Swedish;Czech;Hungarian;Dutch;Portuguese;Russian;Finnish;x
EVTOPTB95541;Some doors are better left closed.;French;German;Polish;Spanish;Italian;Swedish;Czech;Hungarian;Dutch;Portuguese;Russian;Finnish;x
EVTNAME95542;The Freethinkers of Tartu;French;German;Polish;Spanish;Italian;Swedish;Czech;Hungarian;Dutch;Portuguese;Russian;Finnish;x
EVTDESC95542;A circle of students, writers and surveyors has begun meeting above a print shop in Tartu, calling themselves the Society of Freethinkers. They publish pamphlets against superstition, and their members have quietly stopped attending church.;French;German;Polish;Spanish;Italian;Swedish;Czech;Hungarian;Dutch;Portuguese;Russian;Finnish;x
EVTOPTA95542;The age of reason has its uses.;French;German;Polish;Spanish;Italian;Swedish;Czech;Hungarian;Dutch;Portuguese;Russian;Finnish;x
EVTOPTB95542;Dissolve the society - faith is the bond of the people.;French;German;Polish;Spanish;Italian;Swedish;Czech;Hungarian;Dutch;Portuguese;Russian;Finnish;x
EVTNAME95543;The Secular Schools Question;French;German;Polish;Spanish;Italian;Swedish;Czech;Hungarian;Dutch;Portuguese;Russian;Finnish;x
EVTDESC95543;The township schools teach reading, arithmetic - and the catechism. A movement of teachers and parents now asks that the church lessons be set aside and the school day given wholly to useful knowledge. The pastors call it the theft of souls.;French;German;Polish;Spanish;Italian;Swedish;Czech;Hungarian;Dutch;Portuguese;Russian;Finnish;x
EVTOPTA95543;The school belongs to the nation, not the church.;French;German;Polish;Spanish;Italian;Swedish;Czech;Hungarian;Dutch;Portuguese;Russian;Finnish;x
EVTOPTB95543;Keep the catechism in the classroom.;French;German;Polish;Spanish;Italian;Swedish;Czech;Hungarian;Dutch;Portuguese;Russian;Finnish;x
EVTNAME95544;The Quiet Congregations;French;German;Polish;Spanish;Italian;Swedish;Czech;Hungarian;Dutch;Portuguese;Russian;Finnish;x
EVTDESC95544;In more and more parishes, the pews stand empty on Sunday mornings. Neighbors who once sang in the choir now spend the day with their books, their newspapers and their fields. The pastors ask the government to act.;French;German;Polish;Spanish;Italian;Swedish;Czech;Hungarian;Dutch;Portuguese;Russian;Finnish;x
EVTOPTA95544;Let every man keep his own conscience.;French;German;Polish;Spanish;Italian;Swedish;Czech;Hungarian;Dutch;Portuguese;Russian;Finnish;x
EVTOPTB95544;Encourage a return to the churches.;French;German;Polish;Spanish;Italian;Swedish;Czech;Hungarian;Dutch;Portuguese;Russian;Finnish;x
EVTNAME95545;The Great Awakening;French;German;Polish;Spanish;Italian;Swedish;Czech;Hungarian;Dutch;Portuguese;Russian;Finnish;x
EVTDESC95545;Militancy has opened a door the freethinkers did not expect: travelling preachers are filling the town squares, and thousands who had left the churches are coming back. The cabinet must choose whether to yield - or to stand firm.;French;German;Polish;Spanish;Italian;Swedish;Czech;Hungarian;Dutch;Portuguese;Russian;Finnish;x
EVTOPTA95545;Restore the ancient church of the land.;French;German;Polish;Spanish;Italian;Swedish;Czech;Hungarian;Dutch;Portuguese;Russian;Finnish;x
EVTOPTB95545;The state shall not waver.;French;German;Polish;Spanish;Italian;Swedish;Czech;Hungarian;Dutch;Portuguese;Russian;Finnish;x
enact_state_atheism_title;Separate Church and State;French;German;Polish;Spanish;Italian;Swedish;Czech;Hungarian;Dutch;Portuguese;Russian;Finnish;x
enact_state_atheism_desc;Henceforth the state shall have no established church, and no confession shall stand above another - or above none. The congregations that remain will keep their walls and the state will keep its distance.;French;German;Polish;Spanish;Italian;Swedish;Czech;Hungarian;Dutch;Portuguese;Russian;Finnish;x
sign_concordat_title;Sign the Concordat;French;German;Polish;Spanish;Italian;Swedish;Czech;Hungarian;Dutch;Portuguese;Russian;Finnish;x
sign_concordat_desc;After years of empty pews and silent churchyards, the state and the church have negotiated a settlement: the church returns to its ancient place in the life of the people, and the state again extends its hand to it.;French;German;Polish;Spanish;Italian;Swedish;Czech;Hungarian;Dutch;Portuguese;Russian;Finnish;x
EVTNAME95546;The Struve Geodetic Arc;French;German;Polish;Spanish;Italian;Swedish;Czech;Hungarian;Dutch;Portuguese;Russian;Finnish;x
EVTDESC95546;From the observatory of Tartu, the surveyors of Struve have completed a chain of triangles stretching to the very rim of the Arctic - the first accurate measurement of a meridian across an empire. The world's geographers now speak of Dorpat in the same breath as Greenwich.;French;German;Polish;Spanish;Italian;Swedish;Czech;Hungarian;Dutch;Portuguese;Russian;Finnish;x
EVTOPTA95546;Science has made our city a name in every atlas.;French;German;Polish;Spanish;Italian;Swedish;Czech;Hungarian;Dutch;Portuguese;Russian;Finnish;x
EVTNAME95547;Koidula and the National Stage;French;German;Polish;Spanish;Italian;Swedish;Czech;Hungarian;Dutch;Portuguese;Russian;Finnish;x
EVTDESC95547;A young poetess, Lydia Koidula, daughter of Jannsen, has given the awakening its songs and its first plays. Her verse - Mu isamaa on minu arm - sets whole song festivals weeping, and her comedies fill the Vanemuine to the rafters.;French;German;Polish;Spanish;Italian;Swedish;Czech;Hungarian;Dutch;Portuguese;Russian;Finnish;x
EVTOPTA95547;Sing, daughter of the nation, sing!;French;German;Polish;Spanish;Italian;Swedish;Czech;Hungarian;Dutch;Portuguese;Russian;Finnish;x
EVTOPTB95547;The stage is a schoolhouse - mind what it teaches.;French;German;Polish;Spanish;Italian;Swedish;Czech;Hungarian;Dutch;Portuguese;Russian;Finnish;x
EVTNAME95548;The Old Believers of Lake Peipus;French;German;Polish;Spanish;Italian;Swedish;Czech;Hungarian;Dutch;Portuguese;Russian;Finnish;x
EVTDESC95548;For generations the Old Believer fishermen of the Peipus shore - Varnja, Kolkja, their chapel-bells silent for two centuries - have kept their ancient rites unregistered and undisturbed. The new administration must decide whether their toleration remains the law of the land.;French;German;Polish;Spanish;Italian;Swedish;Czech;Hungarian;Dutch;Portuguese;Russian;Finnish;x
EVTOPTA95548;Their faith is their own - as it has always been.;French;German;Polish;Spanish;Italian;Swedish;Czech;Hungarian;Dutch;Portuguese;Russian;Finnish;x
EVTOPTB95548;Every soul must be counted by the church.;French;German;Polish;Spanish;Italian;Swedish;Czech;Hungarian;Dutch;Portuguese;Russian;Finnish;x
EVTNAME95549;Truth and Justice;French;German;Polish;Spanish;Italian;Swedish;Czech;Hungarian;Dutch;Portuguese;Russian;Finnish;x
EVTDESC95549;Across five volumes, A. H. Tammsaare has written the story of the Estonian farmer - Vargamäe's Andres and his stones, his marsh, his law. The reviews call it the novel of the people and the people call it the story of their grandfathers.;French;German;Polish;Spanish;Italian;Swedish;Czech;Hungarian;Dutch;Portuguese;Russian;Finnish;x
EVTOPTA95549;Every farmhouse shelf shall hold it.;French;German;Polish;Spanish;Italian;Swedish;Czech;Hungarian;Dutch;Portuguese;Russian;Finnish;x
EVTNAME95550;The First Olympic Team;French;German;Polish;Spanish;Italian;Swedish;Czech;Hungarian;Dutch;Portuguese;Russian;Finnish;x
EVTDESC95550;For the first time, a team of our own marches behind a flag of our own at the Olympic Games. The world's newspapers must spell our name correctly - and the athletes of a small nation compete for more than medals.;French;German;Polish;Spanish;Italian;Swedish;Czech;Hungarian;Dutch;Portuguese;Russian;Finnish;x
EVTOPTA95550;Send the team - let the flag be seen.;French;German;Polish;Spanish;Italian;Swedish;Czech;Hungarian;Dutch;Portuguese;Russian;Finnish;x
EVTOPTB95550;The treasury cannot afford medals.;French;German;Polish;Spanish;Italian;Swedish;Czech;Hungarian;Dutch;Portuguese;Russian;Finnish;x
found_fire_brigades_title;Found the Volunteer Fire Brigades;French;German;Polish;Spanish;Italian;Swedish;Czech;Hungarian;Dutch;Portuguese;Russian;Finnish;x
found_fire_brigades_desc;When the church spire burns, the bucket-chain is led by farmers in brass helmets. The volunteer fire brigades of the parishes are the first schools of self-government: men who have fought a fire together have learned to trust one another with more than water.;French;German;Polish;Spanish;Italian;Swedish;Czech;Hungarian;Dutch;Portuguese;Russian;Finnish;x
found_kirjameeste_selts_title;Found the Estonian Writers' Society;French;German;Polish;Spanish;Italian;Swedish;Czech;Hungarian;Dutch;Portuguese;Russian;Finnish;x
found_kirjameeste_selts_desc;In Tartu the men of the pen have formed the Eesti Kirjameeste Selts - the association of Estonian writers - to collect the folk songs, fix the spelling, and set the standards of the written word. Every grammar is a fortress.;French;German;Polish;Spanish;Italian;Swedish;Czech;Hungarian;Dutch;Portuguese;Russian;Finnish;x
found_dairy_coops_title;Charter the Co-operative Creameries;French;German;Polish;Spanish;Italian;Swedish;Czech;Hungarian;Dutch;Portuguese;Russian;Finnish;x
found_dairy_coops_desc;The farmers of the parish have pooled their milk into the co-operative creamery: one separator, one brand, one price in the shops of London. Estonian butter shall travel under the name of the people who milked the cows.;French;German;Polish;Spanish;Italian;Swedish;Czech;Hungarian;Dutch;Portuguese;Russian;Finnish;x
build_kunda_cement_title;Build the Kunda Cement Works;French;German;Polish;Spanish;Italian;Swedish;Czech;Hungarian;Dutch;Portuguese;Russian;Finnish;x
build_kunda_cement_desc;On the Viru coast the limestone burns day and night. A modern cement works at Kunda - the first in the land - will build the harbours, the lighthouses and the fortresses of the next fifty years.;French;German;Polish;Spanish;Italian;Swedish;Czech;Hungarian;Dutch;Portuguese;Russian;Finnish;x
expand_luther_factory_title;Expand Luther's Furniture Factory;French;German;Polish;Spanish;Italian;Swedish;Czech;Hungarian;Dutch;Portuguese;Russian;Finnish;x
expand_luther_factory_desc;In Tallinn the Luther works has learned to peel the log into plywood - thin, strong, endless sheets of it. With new machine-halls and steam engines, Estonian furniture shall be packed in crates with the name of a small nation on every side.;French;German;Polish;Spanish;Italian;Swedish;Czech;Hungarian;Dutch;Portuguese;Russian;Finnish;x
volunteer_fire_brigades;Volunteer Fire Brigades;French;German;Polish;Spanish;Italian;Swedish;Czech;Hungarian;Dutch;Portuguese;Russian;Finnish;x
cooperative_creameries;Co-operative Creameries;French;German;Polish;Spanish;Italian;Swedish;Czech;Hungarian;Dutch;Portuguese;Russian;Finnish;x
kunda_cement_works;Kunda Cement Works;French;German;Polish;Spanish;Italian;Swedish;Czech;Hungarian;Dutch;Portuguese;Russian;Finnish;x
luther_furniture_works;Luther Furniture Works;French;German;Polish;Spanish;Italian;Swedish;Czech;Hungarian;Dutch;Portuguese;Russian;Finnish;x
darwin_debates;Darwin in the Lecture Halls;French;German;Polish;Spanish;Italian;Swedish;Czech;Hungarian;Dutch;Portuguese;Russian;Finnish;x
desc_darwin_debates;The Tartu faculty debates Darwin and the clergy watch their flock ask harder questions.;French;German;Polish;Spanish;Italian;Swedish;Czech;Hungarian;Dutch;Portuguese;Russian;Finnish;x
freethinkers_tartu;Freethinkers Society of Tartu;French;German;Polish;Spanish;Italian;Swedish;Czech;Hungarian;Dutch;Portuguese;Russian;Finnish;x
desc_freethinkers_tartu;Rationalist circles at the university draw clerks and artisans away from the pews.;French;German;Polish;Spanish;Italian;Swedish;Czech;Hungarian;Dutch;Portuguese;Russian;Finnish;x
secular_schools_mod;Secular Schools;French;German;Polish;Spanish;Italian;Swedish;Czech;Hungarian;Dutch;Portuguese;Russian;Finnish;x
desc_secular_schools_mod;Schools run without religious instruction gently loosen old certainties.;French;German;Polish;Spanish;Italian;Swedish;Czech;Hungarian;Dutch;Portuguese;Russian;Finnish;x
quiet_congregations;Quiet Congregations;French;German;Polish;Spanish;Italian;Swedish;Czech;Hungarian;Dutch;Portuguese;Russian;Finnish;x
desc_quiet_congregations;Neighbors keep the old forms but fewer and fewer believe.;French;German;Polish;Spanish;Italian;Swedish;Czech;Hungarian;Dutch;Portuguese;Russian;Finnish;x
desc_soomusrong_corps;Armored train crews drill with the army, their attached infantry hits harder and arrives in fighting shape.;French;German;Polish;Spanish;Italian;Swedish;Czech;Hungarian;Dutch;Portuguese;Russian;Finnish;x
desc_soomusrong_morale;The armored trains are the pride of the front, defenders hold firm knowing the Soomusrong stands with them.;French;German;Polish;Spanish;Italian;Swedish;Czech;Hungarian;Dutch;Portuguese;Russian;Finnish;x
desc_estonian_cultural_awakening;Songs, newspapers and letters in the mother tongue quicken the national mind.;French;German;Polish;Spanish;Italian;Swedish;Czech;Hungarian;Dutch;Portuguese;Russian;Finnish;x
desc_estonian_national_unity;A shared sense of nationhood steadies the people.;French;German;Polish;Spanish;Italian;Swedish;Czech;Hungarian;Dutch;Portuguese;Russian;Finnish;x
desc_baltic_student_body;The student corporations at Dorpat rival the old universities of Europe.;French;German;Polish;Spanish;Italian;Swedish;Czech;Hungarian;Dutch;Portuguese;Russian;Finnish;x
desc_estonian_folk_high_schools;Evening schools carry literacy and new ideas to every parish.;French;German;Polish;Spanish;Italian;Swedish;Czech;Hungarian;Dutch;Portuguese;Russian;Finnish;x
desc_russian_minority_conciliation;Fair dealing with the Russian-speaking towns settles old grievances.;French;German;Polish;Spanish;Italian;Swedish;Czech;Hungarian;Dutch;Portuguese;Russian;Finnish;x
desc_estonian_volunteer_spirit;The landsturm tradition runs deep, volunteers muster quickly and willingly.;French;German;Polish;Spanish;Italian;Swedish;Czech;Hungarian;Dutch;Portuguese;Russian;Finnish;x
desc_vaps_movement;The veterans league marches in the streets, order holds, barely.;French;German;Polish;Spanish;Italian;Swedish;Czech;Hungarian;Dutch;Portuguese;Russian;Finnish;x
desc_baltic_handelsvertrag;The Baltic trade accord fills Riga and Tallinn harbors alike.;French;German;Polish;Spanish;Italian;Swedish;Czech;Hungarian;Dutch;Portuguese;Russian;Finnish;x
desc_estonian_shipyards;The yards on the Kopli bay lay down hulls for the Baltic fleet.;French;German;Polish;Spanish;Italian;Swedish;Czech;Hungarian;Dutch;Portuguese;Russian;Finnish;x
desc_defence_league_hq;A permanent staff coordinates the Kaitseliit districts.;French;German;Polish;Spanish;Italian;Swedish;Czech;Hungarian;Dutch;Portuguese;Russian;Finnish;x
desc_kalevipoeg_legacy;The national epic reminds every soldier whose son he is.;French;German;Polish;Spanish;Italian;Swedish;Czech;Hungarian;Dutch;Portuguese;Russian;Finnish;x
laulupidu_tradition;Laulupidu Tradition;French;German;Polish;Spanish;Italian;Swedish;Czech;Hungarian;Dutch;Portuguese;Russian;Finnish;x
finnish_nationalist_fervor;Finnish Nationalist Fervor;French;German;Polish;Spanish;Italian;Swedish;Czech;Hungarian;Dutch;Portuguese;Russian;Finnish;x
desc_finnish_nationalist_fervor;Estonian rifles and money are at work, the kindred people grow restless under the occupier.;French;German;Polish;Spanish;Italian;Swedish;Czech;Hungarian;Dutch;Portuguese;Russian;Finnish;x
desc_laulupidu_tradition;The song festival returns every five years, a nation that sings together stands together.;French;German;Polish;Spanish;Italian;Swedish;Czech;Hungarian;Dutch;Portuguese;Russian;Finnish;x
desc_estonian_choral_tradition;The song festivals bind a nation of singers together.;French;German;Polish;Spanish;Italian;Swedish;Czech;Hungarian;Dutch;Portuguese;Russian;Finnish;x
desc_estonian_depression;The world depression bites deep, factories idle and credit dries up.;French;German;Polish;Spanish;Italian;Swedish;Czech;Hungarian;Dutch;Portuguese;Russian;Finnish;x
desc_estonian_national_stage;The Estonia theatre stages opera and drama in the mother tongue.;French;German;Polish;Spanish;Italian;Swedish;Czech;Hungarian;Dutch;Portuguese;Russian;Finnish;x
desc_peasant_credit_unions;Cooperative credit frees the smallholder from the moneylender.;French;German;Polish;Spanish;Italian;Swedish;Czech;Hungarian;Dutch;Portuguese;Russian;Finnish;x
desc_volunteer_fire_brigades;Parish fire brigades save towns and timber alike.;French;German;Polish;Spanish;Italian;Swedish;Czech;Hungarian;Dutch;Portuguese;Russian;Finnish;x
desc_cooperative_creameries;The creameries pay a fair price for every churn of butter.;French;German;Polish;Spanish;Italian;Swedish;Czech;Hungarian;Dutch;Portuguese;Russian;Finnish;x
desc_kunda_cement_works;Kunda cement hardens the harbors, roads and factories of the republic.;French;German;Polish;Spanish;Italian;Swedish;Czech;Hungarian;Dutch;Portuguese;Russian;Finnish;x
desc_luther_furniture_works;The Luther works plywood and furniture find buyers across Europe.;French;German;Polish;Spanish;Italian;Swedish;Czech;Hungarian;Dutch;Portuguese;Russian;Finnish;x
EVTNAME95554;The Freethinkers Are Here;French;German;Polish;Spanish;Italian;Swedish;Czech;Hungarian;Dutch;Portuguese;Russian;Finnish;x
EVTDESC95554;In the counting houses of Reval and the lecture halls of Dorpat, a small circle of educated men keeps no church. The census clerks mark them down reluctantly - the freethinkers have arrived, and they are not going away.;French;German;Polish;Spanish;Italian;Swedish;Czech;Hungarian;Dutch;Portuguese;Russian;Finnish;x
EVTOPTA95554;So there they are.;French;German;Polish;Spanish;Italian;Swedish;Czech;Hungarian;Dutch;Portuguese;Russian;Finnish;x
patronize_freethought_press_title;Patronize the Freethought Press;French;German;Polish;Spanish;Italian;Swedish;Czech;Hungarian;Dutch;Portuguese;Russian;Finnish;x
patronize_freethought_press_desc;State printing contracts and lecture circuits for the unbelievers' journals: pamphlets in every parish, science in every schoolroom. Where the freethinkers are heard, the pews stand empty.;French;German;Polish;Spanish;Italian;Swedish;Czech;Hungarian;Dutch;Portuguese;Russian;Finnish;x
integrate_duchy_of_lithuania_title;Integrate the Duchy of Lithuania;French;German;Polish;Spanish;Italian;Swedish;Czech;Hungarian;Dutch;Portuguese;Russian;Finnish;x
integrate_duchy_of_lithuania_desc;The duchy reaches south. With Vilna and Kovno in our hands, let Lithuania's crown lands be claimed for the United Baltic Duchy and its people welcomed as our own. But the Lithuanian claim does not stop at the Niemen - Memel too is an ancient Lithuanian city, and laying claim to it will not be forgotten in Berlin.;French;German;Polish;Spanish;Italian;Swedish;Czech;Hungarian;Dutch;Portuguese;Russian;Finnish;x
accept_swedish_culture_title;Accept the Swedish Community;French;German;Polish;Spanish;Italian;Swedish;Czech;Hungarian;Dutch;Portuguese;Russian;Finnish;x
accept_swedish_culture_desc;For seven centuries the coastal Swedish communities have fished and traded beside us. Let them be full citizens: their language in the schools of Aiboland, their boats in our navy, their men in our councils.;French;German;Polish;Spanish;Italian;Swedish;Czech;Hungarian;Dutch;Portuguese;Russian;Finnish;x
EVTNAME95555;The League of Militant Atheists;French;German;Polish;Spanish;Italian;Swedish;Czech;Hungarian;Dutch;Portuguese;Russian;Finnish;x
EVTDESC95555;The revolution has its own church now: the League of the Godless, with lecture circuits where sermons used to be. The comrades demand the altars be torn from the schools and the priests' stipends given to science teachers.;French;German;Polish;Spanish;Italian;Swedish;Czech;Hungarian;Dutch;Portuguese;Russian;Finnish;x
EVTOPTA95555;The League shall have its way.;French;German;Polish;Spanish;Italian;Swedish;Czech;Hungarian;Dutch;Portuguese;Russian;Finnish;x
EVTOPTB95555;Win them with bread, not decrees.;French;German;Polish;Spanish;Italian;Swedish;Czech;Hungarian;Dutch;Portuguese;Russian;Finnish;x
EVTNAME95553;The Minorities' Franchise Petition;French;German;Polish;Spanish;Italian;Swedish;Czech;Hungarian;Dutch;Portuguese;Russian;Finnish;x
EVTDESC95553;With every man's vote now equal before the law, the Swedish fishermen of the coast and the German burghers of the towns have sent a joint petition to Tallinn: if our voices count at the ballot box, let our tongues and our churches count in the nation. The old estates warn of division, the new parties court them eagerly.;French;German;Polish;Spanish;Italian;Swedish;Czech;Hungarian;Dutch;Portuguese;Russian;Finnish;x
EVTOPTA95553;The franchise belongs to all who live here;French;German;Polish;Spanish;Italian;Swedish;Czech;Hungarian;Dutch;Portuguese;Russian;Finnish;x
EVTOPTB95553;A petition is not a policy;French;German;Polish;Spanish;Italian;Swedish;Czech;Hungarian;Dutch;Portuguese;Russian;Finnish;x
EVTNAME95562;Rifles Across the Gulf,;;;;;;;;;;;;;x
EVTDESC95562;Across the gulf, Finland groans under a foreign yoke - her language suppressed, her newspapers censored. Now men in Stockholm and Tampere ask Tallinn for money, rifles and volunteers. Helping them would strike a blow for the cause of small nations and win us glory among the awakened peoples of Europe. But the empire that rules Helsinki would notice, and it would not forgive.,;;;;;;;;;;;;;x
EVTOPTA95562;The cause of nations knows no borders,;;;;;;;;;;;;;x
EVTNAME95561;A Knock at the Door,;;;;;;;;;;;;;x
EVTDESC95561;The tollbooks of the Baltic ports tell their own story. Peasants from the inner governorates of the Russian Empire, hearing of wages paid in hard currency and homesteads on free land, arrive at Narva and Reval with their families and their few possessions. The Russian Empire may lose thousands of subjects a year to the New World, but more and more of them are instead choosing the shorter road west, to Estonia.,;;;;;;;;;;;;;x
EVTOPTA95561;Let them come,;;;;;;;;;;;;;x
EVTOPTB95562;Not our fight,;;;;;;;;;;;;;x
EVTOPTB95561;Estonia for Estonians - close the border,;;;;;;;;;;;;;x
desc_baltic_settler_influx;Settlers arrive from the inner provinces of the empire, drawn by Baltic wages and Baltic schools.;French;German;Polish;Spanish;Italian;Swedish;Czech;Hungarian;Dutch;Portuguese;Russian;Finnish;x
EVTNAME95590;The Late Awakening;;French;German;Polish;Spanish;Italian;Swedish;Czech;Hungarian;Dutch;Portuguese;Russian;Finnish;x
EVTDESC95590;The newspapers were never really stopped - they simply moved to the farmhouse evenings and the township houses, read aloud by lantern light. A movement scolded as peasant sentiment has kept its own accounts, and now the reading circles are ready to say aloud what was only whispered. The awakening arrives late, but it arrives harder.;;French;German;Polish;Spanish;Italian;Swedish;Czech;Hungarian;Dutch;Portuguese;Russian;Finnish;x
EVTOPTA95590;Let it be said aloud, then.;;French;German;Polish;Spanish;Italian;Swedish;Czech;Hungarian;Dutch;Portuguese;Russian;Finnish;x
EVTOPTB95590;There is no movement - keep the ledger closed.;;French;German;Polish;Spanish;Italian;Swedish;Czech;Hungarian;Dutch;Portuguese;Russian;Finnish;x
EVTNAME95591;The Coastal Swedes Remember;;French;German;Polish;Spanish;Italian;Swedish;Czech;Hungarian;Dutch;Portuguese;Russian;Finnish;x
EVTDESC95591;War has come, and the old fishing villages of the coast and islands have not forgotten the republic that guarded their tongue. From Ruhnu to Noarootsi the parish elders call the young men to the colours of the Kaitseliit - not as strangers granted leave to stay, but as sons of the land. The Defence League musters stronger than its rolls alone would suggest.;;French;German;Polish;Spanish;Italian;Swedish;Czech;Hungarian;Dutch;Portuguese;Russian;Finnish;x
EVTOPTA95591;The shore people stand with us - as they always have.;;French;German;Polish;Spanish;Italian;Swedish;Czech;Hungarian;Dutch;Portuguese;Russian;Finnish;x
EVTNAME95592;Stockholm Writes Again;;French;German;Polish;Spanish;Italian;Swedish;Czech;Hungarian;Dutch;Portuguese;Russian;Finnish;x
EVTDESC95592;Years have passed, and the council in Stockholm has had time to reread the refusal. The new note is longer than the old proposal, and humbler with it: no union, no crown - a treaty of equals, trade and friendship across the gulf, each nation under its own flag. The same shores that said no to one crown may now say yes to another kind of agreement.;;French;German;Polish;Spanish;Italian;Swedish;Czech;Hungarian;Dutch;Portuguese;Russian;Finnish;x
EVTOPTA95592;A treaty of equals - sign it, and let the gulf bind rather than divide.;;French;German;Polish;Spanish;Italian;Swedish;Czech;Hungarian;Dutch;Portuguese;Russian;Finnish;x
EVTOPTB95592;We will keep our own counsel, as ever.;;French;German;Polish;Spanish;Italian;Swedish;Czech;Hungarian;Dutch;Portuguese;Russian;Finnish;x
